event,meet,stroke,gender,distance,source_file,meet_category,event_type,results
1,2006_Nescac_Msd_Results,Freestyle Relay,Men,200,2006_NESCAC_MSD_Results.txt,txts,relay,[]
2,2006_Nescac_Msd_Results,Breaststroke,Men,50,2006_NESCAC_MSD_Results.txt,txts,individual,"[{'name': 'Ancona, John', 'yr': 'JR', 'school': 'Amherst', 'exhibition': False, 'seed_time': None, 'prelim_time': '27.16', 'finals_time': '27.08', 'prelim_rank': '2', 'final_rank': '1'}, {'name': 'Prill, Derek', 'yr': 'SO', 'school': 'Amherst', 'exhibition': False, 'seed_time': None, 'prelim_time': '27.37', 'finals_time': '27.18', 'prelim_rank': '3', 'final_rank': '3'}, {'name': 'Devine, Dan', 'yr': 'SR', 'school': 'Wesleyan', 'exhibition': False, 'seed_time': None, 'prelim_time': '27.11', 'finals_time': '27.33', 'prelim_rank': '1', 'final_rank': '4'}, {'name': 'Longhurst, James', 'yr': 'FR', 'school': 'Tufts', 'exhibition': False, 'seed_time': None, 'prelim_time': '27.44', 'finals_time': '27.37', 'prelim_rank': '4', 'final_rank': '5'}, {'name': 'Lenihan, Mike', 'yr': 'JR', 'school': 'Trinity', 'exhibition': False, 'seed_time': None, 'prelim_time': '27.83', 'finals_time': '27.73', 'prelim_rank': '8', 'final_rank': '7'}, {'name': 'Jones, Bryan', 'yr': 'FR', 'school': 'Wesleyan', 'exhibition': False, 'seed_time': None, 'prelim_time': '28.44', 'finals_time': '15.5', 'prelim_rank': '10', 'final_rank': '11'}, {'name': 'Jacob, Carlo', 'yr': 'JR', 'school': 'Tufts', 'exhibition': False, 'seed_time': None, 'prelim_time': '29.06', 'finals_time': '28.76', 'prelim_rank': '15', 'final_rank': '13'}, {'name': 'Miles, Greg', 'yr': 'FR', 'school': 'Tufts', 'exhibition': False, 'seed_time': None, 'prelim_time': '28.92', 'finals_time': '11.5', 'prelim_rank': '13', 'final_rank': '15'}, {'name': 'Peterson, Dan', 'yr': 'FR', 'school': 'Amherst', 'exhibition': False, 'seed_time': None, 'prelim_time': '29.10', 'finals_time': '28.11', 'prelim_rank': '19', 'final_rank': '17'}, {'name': 'Schoeneck, Jacob', 'yr': 'FR', 'school': 'Hamilton', 'exhibition': False, 'seed_time': None, 'prelim_time': '29.09', 'finals_time': '28.95', 'prelim_rank': '18', 'final_rank': '18'}, {'name': 'Altneu, Eric', 'yr': 'JR', 'school': 'Wesleyan', 'exhibition': False, 'seed_time': None, 'prelim_time': '29.09', 'finals_time': '29.11', 'prelim_rank': '17', 'final_rank': '19'}, {'name': 'Mostyn, Pat', 'yr': 'SO', 'school': 'Trinity', 'exhibition': False, 'seed_time': None, 'prelim_time': '32.09', 'finals_time': '31.79', 'prelim_rank': '23', 'final_rank': '23'}, {'name': 'Havlicek, Matt', 'yr': 'FR', 'school': 'Trinity', 'exhibition': False, 'seed_time': None, 'prelim_time': '35.52', 'finals_time': '34.07', 'prelim_rank': '24', 'final_rank': '24'}]"
3,2006_Nescac_Msd_Results,Butterfly,Men,50,2006_NESCAC_MSD_Results.txt,txts,individual,"[{'name': 'Tanz, Josh', 'yr': 'SR', 'school': 'Wesleyan', 'exhibition': False, 'seed_time': None, 'prelim_time': '23.68', 'finals_time': '23.36', 'prelim_rank': '5', 'final_rank': '4'}, {'name': 'Mitchell, Ben', 'yr': 'FR', 'school': 'Tufts', 'exhibition': False, 'seed_time': None, 'prelim_time': '24.41', 'finals_time': '24.22', 'prelim_rank': '10', 'final_rank': '9'}, {'name': 'Fugge, Jon', 'yr': 'SO', 'school': 'Trinity', 'exhibition': False, 'seed_time': None, 'prelim_time': '24.48', 'finals_time': '24.29', 'prelim_rank': '12', 'final_rank': '11'}, {'name': 'Moskowitz, Ben', 'yr': 'FR', 'school': 'Tufts', 'exhibition': False, 'seed_time': None, 'prelim_time': '24.65', 'finals_time': '24.53', 'prelim_rank': '15', 'final_rank': '12'}, {'name': 'Donne, Matt', 'yr': 'JR', 'school': 'Wesleyan', 'exhibition': False, 'seed_time': None, 'prelim_time': '24.60', 'finals_time': '13.5', 'prelim_rank': '13', 'final_rank': '13'}, {'name': 'Collins, Allan', 'yr': 'SO', 'school': 'Wesleyan', 'exhibition': False, 'seed_time': None, 'prelim_time': '24.60', 'finals_time': '13.5', 'prelim_rank': '13', 'final_rank': '13'}, {'name': 'Jones, Bryan', 'yr': 'FR', 'school': 'Wesleyan', 'exhibition': False, 'seed_time': None, 'prelim_time': '25.74', 'finals_time': '24.44', 'prelim_rank': '19', 'final_rank': '18'}]"
4,2006_Nescac_Msd_Results,Freestyle,Men,500,2006_NESCAC_MSD_Results.txt,txts,individual,"[{'name': 'Bettencourt, Grego', 'yr': 'JR', 'school': 'Tufts', 'exhibition': False, 'seed_time': None, 'prelim_time': '4:36.11', 'finals_time': '4:33.17', 'prelim_rank': None, 'final_rank': '2'}, {'name': 'Byers, Ben', 'yr': 'JR', 'school': 'Wesleyan', 'exhibition': False, 'seed_time': None, 'prelim_time': '4:36.87', 'finals_time': '4:38.51', 'prelim_rank': '3', 'final_rank': '3'}, {'name': 'Hagerty, Ed', 'yr': 'JR', 'school': 'Amherst', 'exhibition': False, 'seed_time': None, 'prelim_time': '4:41.98', 'finals_time': '4:40.39', 'prelim_rank': '6', 'final_rank': '5'}, {'name': 'Holmes, C.J.', 'yr': 'FR', 'school': 'Amherst', 'exhibition': False, 'seed_time': None, 'prelim_time': '4:45.39', 'finals_time': '4:45.42', 'prelim_rank': '8', 'final_rank': '6'}, {'name': 'Fanning, Justin', 'yr': 'JR', 'school': 'Tufts', 'exhibition': False, 'seed_time': None, 'prelim_time': '4:44.58', 'finals_time': '4:46.40', 'prelim_rank': '7', 'final_rank': '7'}, {'name': 'Hodges, Mark', 'yr': 'JR', 'school': 'Hamilton', 'exhibition': False, 'seed_time': None, 'prelim_time': '4:47.02', 'finals_time': '4:50.02', 'prelim_rank': '14', 'final_rank': '14'}, {'name': 'Mitchell, Rob', 'yr': 'SR', 'school': 'Wesleyan', 'exhibition': False, 'seed_time': None, 'prelim_time': '4:47.07', 'finals_time': '4:50.45', 'prelim_rank': '15', 'final_rank': '15'}, {'name': 'Reed, Tim', 'yr': 'SR', 'school': 'Hamilton', 'exhibition': False, 'seed_time': None, 'prelim_time': '4:49.82', 'finals_time': '4:44.08', 'prelim_rank': '19', 'final_rank': '17'}, {'name': 'Lovett, Tom', 'yr': 'SO', 'school': 'Wesleyan', 'exhibition': False, 'seed_time': None, 'prelim_time': '4:50.23', 'finals_time': '4:44.64', 'prelim_rank': '20', 'final_rank': '18'}, {'name': 'Maslan, Andrew', 'yr': 'SO', 'school': 'Amherst', 'exhibition': False, 'seed_time': None, 'prelim_time': '4:48.49', 'finals_time': '4:46.25', 'prelim_rank': '17', 'final_rank': '19'}, {'name': 'Lewkowitz, Adam', 'yr': 'SR', 'school': 'Amherst', 'exhibition': False, 'seed_time': None, 'prelim_time': '4:49.02', 'finals_time': '4:50.43', 'prelim_rank': '18', 'final_rank': '21'}, {'name': 'Greer, Christian', 'yr': 'SR', 'school': 'Trinity', 'exhibition': False, 'seed_time': None, 'prelim_time': '4:51.06', 'finals_time': '4:50.87', 'prelim_rank': '23', 'final_rank': '22'}, {'name': 'McCune, Dan', 'yr': 'FR', 'school': 'Amherst', 'exhibition': False, 'seed_time': None, 'prelim_time': '4:51.74', 'finals_time': '1.5', 'prelim_rank': '22', 'final_rank': '23'}, {'name': 'Fichman, Jon', 'yr': 'SO', 'school': 'Tufts', 'exhibition': False, 'seed_time': None, 'prelim_time': '4:51.74', 'finals_time': '1.5', 'prelim_rank': '24', 'final_rank': '23'}, {'name': 'Bettencourt, Gregory', 'yr': 'JR', 'school': 'Tufts', 'exhibition': False, 'seed_time': None, 'prelim_time': '4:33.17', 'finals_time': None, 'prelim_rank': '2', 'final_rank': None}, {'name': 'Brown, Jason', 'yr': 'FR', 'school': 'Hamilton', 'exhibition': False, 'seed_time': None, 'prelim_time': '4:58.53', 'finals_time': None, 'prelim_rank': '26', 'final_rank': None}, {'name': 'Yoshida, Jeff', 'yr': 'JR', 'school': 'Trinity', 'exhibition': False, 'seed_time': None, 'prelim_time': '5:05.05', 'finals_time': None, 'prelim_rank': '27', 'final_rank': None}, {'name': 'Witzke, Christian', 'yr': 'FR', 'school': 'Amherst', 'exhibition': False, 'seed_time': None, 'prelim_time': '4:49.78', 'finals_time': None, 'prelim_rank': '28', 'final_rank': None}, {'name': 'Ullian, David', 'yr': 'SO', 'school': 'Amherst', 'exhibition': False, 'seed_time': None, 'prelim_time': '5:21.42', 'finals_time': None, 'prelim_rank': '30', 'final_rank': None}, {'name': 'Goldberg, Jeff', 'yr': 'SR', 'school': 'Tufts', 'exhibition': False, 'seed_time': None, 'prelim_time': '5:06.97', 'finals_time': None, 'prelim_rank': '31', 'final_rank': None}, {'name': 'Bernstein, Mike', 'yr': 'SO', 'school': 'Amherst', 'exhibition': False, 'seed_time': None, 'prelim_time': '5:38.09', 'finals_time': None, 'prelim_rank': '37', 'final_rank': None}, {'name': 'Underwood, Erik', 'yr': 'FR', 'school': 'Wesleyan', 'exhibition': False, 'seed_time': None, 'prelim_time': '5:24.54', 'finals_time': None, 'prelim_rank': '38', 'final_rank': None}]"
5,2006_Nescac_Msd_Results,Backstroke,Men,50,2006_NESCAC_MSD_Results.txt,txts,individual,"[{'name': 'Estacio, Rick', 'yr': 'SR', 'school': 'Amherst', 'exhibition': False, 'seed_time': None, 'prelim_time': '23.53', 'finals_time': '23.55', 'prelim_rank': '1', 'final_rank': '1'}, {'name': 'Godsey, Jonathan', 'yr': 'SR', 'school': 'Tufts', 'exhibition': False, 'seed_time': None, 'prelim_time': '24.72', 'finals_time': '24.46', 'prelim_rank': '5', 'final_rank': '4'}, {'name': 'Johnson, Todd', 'yr': 'SO', 'school': 'Hamilton', 'exhibition': False, 'seed_time': None, 'prelim_time': '24.50', 'finals_time': '24.90', 'prelim_rank': '4', 'final_rank': '5'}, {'name': 'Waskom, Mike', 'yr': 'FR', 'school': 'Amherst', 'exhibition': False, 'seed_time': None, 'prelim_time': '25.20', 'finals_time': '25.31', 'prelim_rank': '6', 'final_rank': '7'}, {'name': 'Hasty, Will', 'yr': 'SO', 'school': 'Wesleyan', 'exhibition': False, 'seed_time': None, 'prelim_time': '25.53', 'finals_time': '25.40', 'prelim_rank': '10', 'final_rank': '10'}, {'name': 'Sullivan, Sean', 'yr': 'SO', 'school': 'Tufts', 'exhibition': False, 'seed_time': None, 'prelim_time': '25.81', 'finals_time': '25.86', 'prelim_rank': '13', 'final_rank': '13'}, {'name': 'Kearney, Tim', 'yr': 'JR', 'school': 'Hamilton', 'exhibition': False, 'seed_time': None, 'prelim_time': '25.81', 'finals_time': '25.93', 'prelim_rank': '13', 'final_rank': '14'}, {'name': 'Kelly, Craig', 'yr': 'SR', 'school': 'Tufts', 'exhibition': False, 'seed_time': None, 'prelim_time': '26.38', 'finals_time': '26.71', 'prelim_rank': '16', 'final_rank': '16'}, {'name': 'Chow, Joe', 'yr': 'JR', 'school': 'Amherst', 'exhibition': False, 'seed_time': None, 'prelim_time': '27.41', 'finals_time': '27.16', 'prelim_rank': '21', 'final_rank': '20'}, {'name': 'Vasta, Andrew', 'yr': 'SO', 'school': 'Amherst', 'exhibition': False, 'seed_time': None, 'prelim_time': '26.89', 'finals_time': '27.25', 'prelim_rank': '20', 'final_rank': '21'}, {'name': 'McClellan, Sean', 'yr': 'JR', 'school': 'Wesleyan', 'exhibition': False, 'seed_time': None, 'prelim_time': '27.66', 'finals_time': '27.82', 'prelim_rank': '22', 'final_rank': '22'}, {'name': 'Schlifka, David', 'yr': 'FR', 'school': 'Hamilton', 'exhibition': False, 'seed_time': None, 'prelim_time': '27.76', 'finals_time': '27.99', 'prelim_rank': '23', 'final_rank': '23'}, {'name': 'Kates, Steve', 'yr': 'FR', 'school': 'Trinity', 'exhibition': False, 'seed_time': None, 'prelim_time': '29.17', 'finals_time': None, 'prelim_rank': '25', 'final_rank': None}, {'name': 'Mussmann, Scott', 'yr': 'FR', 'school': 'Trinity', 'exhibition': False, 'seed_time': None, 'prelim_time': '30.59', 'finals_time': None, 'prelim_rank': '28', 'final_rank': None}]"
6,2006_Nescac_Msd_Results,IM,Men,200,2006_NESCAC_MSD_Results.txt,txts,individual,"[{'name': 'Treat, Ethan', 'yr': 'JR', 'school': 'Amherst', 'exhibition': False, 'seed_time': None, 'prelim_time': '1:52.59', 'finals_time': '1:53.71', 'prelim_rank': '1', 'final_rank': '2'}, {'name': 'Kapit, Jason', 'yr': 'SR', 'school': 'Tufts', 'exhibition': False, 'seed_time': None, 'prelim_time': '1:56.67', 'finals_time': '1:56.12', 'prelim_rank': '3', 'final_rank': '4'}, {'name': 'Rosenberg, Seth', 'yr': 'SR', 'school': 'Tufts', 'exhibition': False, 'seed_time': None, 'prelim_time': '1:57.76', 'finals_time': '1:59.21', 'prelim_rank': '8', 'final_rank': '7'}, {'name': 'Radovich, Ray', 'yr': 'JR', 'school': 'Tufts', 'exhibition': False, 'seed_time': None, 'prelim_time': '1:57.73', 'finals_time': '2:00.24', 'prelim_rank': '7', 'final_rank': '8'}, {'name': 'Cronin, Nathan', 'yr': 'JR', 'school': 'Tufts', 'exhibition': False, 'seed_time': None, 'prelim_time': '1:58.82', 'finals_time': '1:57.68', 'prelim_rank': '9', 'final_rank': '9'}, {'name': 'Gonnella, Tom', 'yr': 'SR', 'school': 'Amherst', 'exhibition': False, 'seed_time': None, 'prelim_time': '2:00.94', 'finals_time': '2:00.06', 'prelim_rank': '13', 'final_rank': '11'}, {'name': 'Ward, Steven', 'yr': 'SR', 'school': 'Tufts', 'exhibition': False, 'seed_time': None, 'prelim_time': '2:02.73', 'finals_time': '2:01.50', 'prelim_rank': '15', 'final_rank': '14'}, {'name': 'Goldfield, Alec', 'yr': 'FR', 'school': 'Amherst', 'exhibition': False, 'seed_time': None, 'prelim_time': '2:02.25', 'finals_time': '2:03.54', 'prelim_rank': '14', 'final_rank': '16'}, {'name': 'Stein, Jeff', 'yr': 'SO', 'school': 'Wesleyan', 'exhibition': False, 'seed_time': None, 'prelim_time': '2:03.37', 'finals_time': '2:01.53', 'prelim_rank': '17', 'final_rank': '17'}, {'name': 'Bethards, Joe', 'yr': 'FR', 'school': 'Amherst', 'exhibition': False, 'seed_time': None, 'prelim_time': '2:03.89', 'finals_time': '2:03.14', 'prelim_rank': '19', 'final_rank': '18'}, {'name': 'Kidston, Will', 'yr': 'FR', 'school': 'Trinity', 'exhibition': False, 'seed_time': None, 'prelim_time': '2:08.28', 'finals_time': '2:07.07', 'prelim_rank': '21', 'final_rank': '20'}, {'name': 'Asztalos, Ivor', 'yr': 'FR', 'school': 'Tufts', 'exhibition': False, 'seed_time': None, 'prelim_time': '2:06.97', 'finals_time': '2:08.35', 'prelim_rank': '20', 'final_rank': '21'}, {'name': 'Gordon, Jason', 'yr': 'SO', 'school': 'Trinity', 'exhibition': False, 'seed_time': None, 'prelim_time': '2:13.68', 'finals_time': '2:10.27', 'prelim_rank': '22', 'final_rank': '22'}]"
7,2006_Nescac_Msd_Results,Freestyle,Men,50,2006_NESCAC_MSD_Results.txt,txts,individual,"[{'name': 'Baker, Brett', 'yr': 'SR', 'school': 'Tufts', 'exhibition': False, 'seed_time': None, 'prelim_time': '21.67', 'finals_time': '21.43', 'prelim_rank': '7', 'final_rank': '2'}, {'name': 'Kinsella, Michael', 'yr': 'JR', 'school': 'Tufts', 'exhibition': False, 'seed_time': None, 'prelim_time': '21.42', 'finals_time': '21.45', 'prelim_rank': '3', 'final_rank': '3'}, {'name': 'Resler, Chris', 'yr': 'FR', 'school': 'Amherst', 'exhibition': False, 'seed_time': None, 'prelim_time': '21.50', 'finals_time': '21.72', 'prelim_rank': '8', 'final_rank': '4'}, {'name': 'Shields, Andrew', 'yr': 'FR', 'school': 'Tufts', 'exhibition': False, 'seed_time': None, 'prelim_time': '21.32', 'finals_time': '21.60', 'prelim_rank': '1', 'final_rank': '6'}, {'name': 'Becker, Chris', 'yr': 'FR', 'school': 'Wesleyan', 'exhibition': False, 'seed_time': None, 'prelim_time': '22.26', 'finals_time': '22.00', 'prelim_rank': '16', 'final_rank': '10'}, {'name': 'Murphy, Matt', 'yr': 'FR', 'school': 'Tufts', 'exhibition': False, 'seed_time': None, 'prelim_time': '22.04', 'finals_time': '22.08', 'prelim_rank': '12', 'final_rank': '11'}, {'name': 'Pepi, Mike', 'yr': 'SO', 'school': 'Wesleyan', 'exhibition': False, 'seed_time': None, 'prelim_time': '21.87', 'finals_time': '22.09', 'prelim_rank': '10', 'final_rank': '12'}, {'name': 'Kaplan, Adam', 'yr': 'JR', 'school': 'Amherst', 'exhibition': False, 'seed_time': None, 'prelim_time': '21.73', 'finals_time': '22.12', 'prelim_rank': '9', 'final_rank': '13'}, {'name': 'McCue, Will', 'yr': 'SR', 'school': 'Wesleyan', 'exhibition': False, 'seed_time': None, 'prelim_time': '22.25', 'finals_time': '22.17', 'prelim_rank': '15', 'final_rank': '14'}, {'name': 'Scala, Joe', 'yr': 'FR', 'school': 'Amherst', 'exhibition': False, 'seed_time': None, 'prelim_time': '22.24', 'finals_time': '22.27', 'prelim_rank': '14', 'final_rank': '15'}, {'name': 'Zebrowski, Alec', 'yr': 'SR', 'school': 'Wesleyan', 'exhibition': False, 'seed_time': None, 'prelim_time': '22.33', 'finals_time': '22.36', 'prelim_rank': '18', 'final_rank': '18'}, {'name': 'Fugge, Jon', 'yr': 'SO', 'school': 'Trinity', 'exhibition': False, 'seed_time': None, 'prelim_time': '22.32', 'finals_time': '22.42', 'prelim_rank': '17', 'final_rank': '20'}, {'name': 'Mitchell, Ben', 'yr': 'FR', 'school': 'Tufts', 'exhibition': False, 'seed_time': None, 'prelim_time': '22.41', 'finals_time': '22.43', 'prelim_rank': '19', 'final_rank': '21'}, {'name': 'Jones, Bryan', 'yr': 'FR', 'school': 'Wesleyan', 'exhibition': False, 'seed_time': None, 'prelim_time': '22.44', 'finals_time': '22.63', 'prelim_rank': '21', 'final_rank': '23'}, {'name': 'Haley, John', 'yr': 'JR', 'school': 'Wesleyan', 'exhibition': False, 'seed_time': None, 'prelim_time': '23.05', 'finals_time': None, 'prelim_rank': '25', 'final_rank': None}, {'name': 'Chamberlain, Adam', 'yr': 'JR', 'school': 'Wesleyan', 'exhibition': False, 'seed_time': None, 'prelim_time': '23.48', 'finals_time': None, 'prelim_rank': '26', 'final_rank': None}, {'name': 'Campany, Tim', 'yr': 'SO', 'school': 'Hamilton', 'exhibition': False, 'seed_time': None, 'prelim_time': '23.15', 'finals_time': None, 'prelim_rank': '29', 'final_rank': None}, {'name': 'Paridon, Alex', 'yr': 'FR', 'school': 'Hamilton', 'exhibition': False, 'seed_time': None, 'prelim_time': '23.36', 'finals_time': None, 'prelim_rank': '29', 'final_rank': None}, {'name': 'Frederick, Steve', 'yr': 'FR', 'school': 'Hamilton', 'exhibition': False, 'seed_time': None, 'prelim_time': '25.30', 'finals_time': None, 'prelim_rank': '37', 'final_rank': None}, {'name': 'Bookman, Adam', 'yr': 'SO', 'school': 'Amherst', 'exhibition': False, 'seed_time': None, 'prelim_time': '25.35', 'finals_time': None, 'prelim_rank': '38', 'final_rank': None}]"
9,2006_Nescac_Msd_Results,Medley Relay,Men,400,2006_NESCAC_MSD_Results.txt,txts,relay,[]
10,2006_Nescac_Msd_Results,Medley Relay,Men,200,2006_NESCAC_MSD_Results.txt,txts,relay,[]
11,2006_Nescac_Msd_Results,Freestyle,Men,1000,2006_NESCAC_MSD_Results.txt,txts,individual,[]
12,2006_Nescac_Msd_Results,IM,Men,400,2006_NESCAC_MSD_Results.txt,txts,individual,"[{'name': 'Treat, Ethan', 'yr': 'JR', 'school': 'Amherst              4:00.57    3:58.34*NATA', 'exhibition': False, 'seed_time': None, 'prelim_time': '32', 'finals_time': None, 'prelim_rank': None, 'final_rank': '1'}, {'name': 'Maslan, Andrew', 'yr': 'SO', 'school': 'Amherst', 'exhibition': False, 'seed_time': None, 'prelim_time': '4:09.64', 'finals_time': '4:12.84', 'prelim_rank': '6', 'final_rank': '4'}, {'name': 'Hagerty, Ed', 'yr': 'JR', 'school': 'Amherst', 'exhibition': False, 'seed_time': None, 'prelim_time': '4:12.22', 'finals_time': '4:11.34', 'prelim_rank': '5', 'final_rank': '5'}, {'name': 'Cronin, Nathan', 'yr': 'JR', 'school': 'Tufts', 'exhibition': False, 'seed_time': None, 'prelim_time': '4:15.25', 'finals_time': '4:16.05', 'prelim_rank': '8', 'final_rank': '7'}, {'name': 'Rosenberg, Seth', 'yr': 'SR', 'school': 'Tufts', 'exhibition': False, 'seed_time': None, 'prelim_time': '4:16.47', 'finals_time': '4:13.93', 'prelim_rank': '10', 'final_rank': '9'}, {'name': 'Murphy, Seth', 'yr': 'FR', 'school': 'Wesleyan', 'exhibition': False, 'seed_time': None, 'prelim_time': '4:20.07', 'finals_time': '4:17.37', 'prelim_rank': '12', 'final_rank': '11'}, {'name': 'Goldfield, Alec', 'yr': 'FR', 'school': 'Amherst', 'exhibition': False, 'seed_time': None, 'prelim_time': '4:20.19', 'finals_time': '4:18.90', 'prelim_rank': '13', 'final_rank': '13'}, {'name': 'Ward, Steven', 'yr': 'SR', 'school': 'Tufts', 'exhibition': False, 'seed_time': None, 'prelim_time': '4:17.80', 'finals_time': '4:19.21', 'prelim_rank': '11', 'final_rank': '14'}, {'name': 'Gonnella, Tom', 'yr': 'SR', 'school': 'Amherst', 'exhibition': False, 'seed_time': None, 'prelim_time': '4:22.19', 'finals_time': '4:20.71', 'prelim_rank': '15', 'final_rank': '15'}, {'name': 'Asztalos, Ivor', 'yr': 'FR', 'school': 'Tufts', 'exhibition': False, 'seed_time': None, 'prelim_time': '4:27.01', 'finals_time': '4:24.57', 'prelim_rank': '20', 'final_rank': '19'}, {'name': 'Walker, Andrew', 'yr': 'FR', 'school': 'Wesleyan', 'exhibition': False, 'seed_time': None, 'prelim_time': '4:33.89', 'finals_time': '4:32.91', 'prelim_rank': '23', 'final_rank': '23'}, {'name': 'Gordon, Jason', 'yr': 'SO', 'school': 'Trinity', 'exhibition': False, 'seed_time': None, 'prelim_time': '4:39.35', 'finals_time': '4:35.55', 'prelim_rank': '24', 'final_rank': '24'}, {'name': 'Treat, Ethan', 'yr': 'JR', 'school': 'Amherst', 'exhibition': False, 'seed_time': None, 'prelim_time': '4:00.57', 'finals_time': None, 'prelim_rank': '1', 'final_rank': None}, {'name': 'Schleusener, Luke', 'yr': 'JR', 'school': 'Wesleyan', 'exhibition': False, 'seed_time': None, 'prelim_time': '4:53.57', 'finals_time': None, 'prelim_rank': '25', 'final_rank': None}]"
13,2006_Nescac_Msd_Results,Butterfly,Men,100,2006_NESCAC_MSD_Results.txt,txts,individual,"[{'name': 'Tanz, Josh', 'yr': 'SR', 'school': 'Wesleyan', 'exhibition': False, 'seed_time': None, 'prelim_time': '51.32', 'finals_time': '52.14', 'prelim_rank': '6', 'final_rank': '4'}, {'name': 'Kapit, Jason', 'yr': 'SR', 'school': 'Tufts', 'exhibition': False, 'seed_time': None, 'prelim_time': '52.22', 'finals_time': '52.10', 'prelim_rank': '7', 'final_rank': '6'}, {'name': 'Holmes, C.J.', 'yr': 'FR', 'school': 'Amherst', 'exhibition': False, 'seed_time': None, 'prelim_time': '52.08', 'finals_time': '52.52', 'prelim_rank': '5', 'final_rank': '8'}, {'name': 'Shields, Andrew', 'yr': 'FR', 'school': 'Tufts', 'exhibition': False, 'seed_time': None, 'prelim_time': '52.55', 'finals_time': '52.63', 'prelim_rank': '9', 'final_rank': '9'}, {'name': 'Donne, Matt', 'yr': 'JR', 'school': 'Wesleyan', 'exhibition': False, 'seed_time': None, 'prelim_time': '54.89', 'finals_time': '54.17', 'prelim_rank': '15', 'final_rank': '12'}, {'name': 'Fugge, Jon', 'yr': 'SO', 'school': 'Trinity', 'exhibition': False, 'seed_time': None, 'prelim_time': '54.14', 'finals_time': '54.32', 'prelim_rank': '14', 'final_rank': '14'}, {'name': 'Collins, Allan', 'yr': 'SO', 'school': 'Wesleyan', 'exhibition': False, 'seed_time': None, 'prelim_time': '53.96', 'finals_time': '54.39', 'prelim_rank': '13', 'final_rank': '15'}, {'name': 'Moskowitz, Ben', 'yr': 'FR', 'school': 'Tufts', 'exhibition': False, 'seed_time': None, 'prelim_time': '55.08', 'finals_time': '54.49', 'prelim_rank': '16', 'final_rank': '16'}, {'name': 'Miles, Greg', 'yr': 'FR', 'school': 'Tufts', 'exhibition': False, 'seed_time': None, 'prelim_time': '55.34', 'finals_time': '55.41', 'prelim_rank': '18', 'final_rank': '18'}, {'name': 'Kaplan, Adam', 'yr': 'JR', 'school': 'Amherst', 'exhibition': False, 'seed_time': None, 'prelim_time': '55.33', 'finals_time': '55.42', 'prelim_rank': '17', 'final_rank': '19'}]"
14,2006_Nescac_Msd_Results,Freestyle,Men,200,2006_NESCAC_MSD_Results.txt,txts,individual,"[{'name': 'Baker, Brett', 'yr': 'SR', 'school': 'Tufts', 'exhibition': False, 'seed_time': None, 'prelim_time': '1:41.87', 'finals_time': '1:41.29', 'prelim_rank': '3', 'final_rank': '2'}, {'name': 'Bettencourt, Grego', 'yr': 'JR', 'school': 'Tufts', 'exhibition': False, 'seed_time': None, 'prelim_time': '1:42.01', 'finals_time': '1:41.28', 'prelim_rank': None, 'final_rank': '3'}, {'name': 'Fanning, Justin', 'yr': 'JR', 'school': 'Tufts                1:44.28    1:43.43 NATB', 'exhibition': False, 'seed_time': None, 'prelim_time': '23.5', 'finals_time': None, 'prelim_rank': None, 'final_rank': '6'}, {'name': 'Warner, Christian', 'yr': 'JR', 'school': 'Hamilton', 'exhibition': False, 'seed_time': None, 'prelim_time': '1:45.62', 'finals_time': '1:44.92', 'prelim_rank': '10', 'final_rank': '10'}, {'name': 'Scala, Joe', 'yr': 'FR', 'school': 'Amherst', 'exhibition': False, 'seed_time': None, 'prelim_time': '1:46.47', 'finals_time': '1:46.03', 'prelim_rank': '11', 'final_rank': '11'}, {'name': 'Pepi, Mike', 'yr': 'SO', 'school': 'Wesleyan', 'exhibition': False, 'seed_time': None, 'prelim_time': '1:48.42', 'finals_time': '1:47.11', 'prelim_rank': '16', 'final_rank': '13'}, {'name': 'Murphy, Matt', 'yr': 'FR', 'school': 'Tufts', 'exhibition': False, 'seed_time': None, 'prelim_time': '1:47.14', 'finals_time': '1:47.73', 'prelim_rank': '13', 'final_rank': '14'}, {'name': 'McCune, Dan', 'yr': 'FR', 'school': 'Amherst', 'exhibition': False, 'seed_time': None, 'prelim_time': '1:47.56', 'finals_time': '1:47.91', 'prelim_rank': '15', 'final_rank': '15'}, {'name': 'Reed, Tim', 'yr': 'SR', 'school': 'Hamilton', 'exhibition': False, 'seed_time': None, 'prelim_time': '1:47.38', 'finals_time': '1:49.71', 'prelim_rank': '14', 'final_rank': '16'}, {'name': 'Witzke, Christian', 'yr': 'FR', 'school': 'Amherst', 'exhibition': False, 'seed_time': None, 'prelim_time': '1:49.53', 'finals_time': '1:46.94', 'prelim_rank': '17', 'final_rank': '17'}, {'name': 'Becker, Chris', 'yr': 'FR', 'school': 'Wesleyan', 'exhibition': False, 'seed_time': None, 'prelim_time': '1:50.72', 'finals_time': '1:49.54', 'prelim_rank': '23', 'final_rank': '18'}, {'name': 'Campany, Tim', 'yr': 'SO', 'school': 'Hamilton', 'exhibition': False, 'seed_time': None, 'prelim_time': '1:50.78', 'finals_time': '1:49.61', 'prelim_rank': '24', 'final_rank': '19'}, {'name': 'Haley, John', 'yr': 'JR', 'school': 'Wesleyan', 'exhibition': False, 'seed_time': None, 'prelim_time': '1:50.24', 'finals_time': '1:50.50', 'prelim_rank': '20', 'final_rank': '20'}, {'name': 'Resler, Chris', 'yr': 'FR', 'school': 'Amherst', 'exhibition': False, 'seed_time': None, 'prelim_time': '1:50.49', 'finals_time': '1:50.51', 'prelim_rank': '21', 'final_rank': '21'}, {'name': 'McCue, Will', 'yr': 'SR', 'school': 'Wesleyan', 'exhibition': False, 'seed_time': None, 'prelim_time': '1:50.52', 'finals_time': '1:51.07', 'prelim_rank': '22', 'final_rank': '23'}, {'name': 'Zebrowski, Alec', 'yr': 'SR', 'school': 'Wesleyan', 'exhibition': False, 'seed_time': None, 'prelim_time': '1:49.77', 'finals_time': '1:51.25', 'prelim_rank': '19', 'final_rank': '24'}, {'name': 'Bettencourt, Gregory', 'yr': 'JR', 'school': 'Tufts', 'exhibition': False, 'seed_time': None, 'prelim_time': '1:41.28', 'finals_time': None, 'prelim_rank': '2', 'final_rank': None}, {'name': 'Fanning, Justin', 'yr': 'JR', 'school': 'Tufts', 'exhibition': False, 'seed_time': None, 'prelim_time': '1:45.88', 'finals_time': None, 'prelim_rank': '7', 'final_rank': None}, {'name': 'Kidston, Will', 'yr': 'FR', 'school': 'Trinity', 'exhibition': False, 'seed_time': None, 'prelim_time': '1:52.53', 'finals_time': None, 'prelim_rank': '26', 'final_rank': None}, {'name': 'Chamberlain, Adam', 'yr': 'JR', 'school': 'Wesleyan', 'exhibition': False, 'seed_time': None, 'prelim_time': '1:58.67', 'finals_time': None, 'prelim_rank': '29', 'final_rank': None}, {'name': 'Frederick, Steve', 'yr': 'FR', 'school': 'Hamilton', 'exhibition': False, 'seed_time': None, 'prelim_time': '2:02.00', 'finals_time': None, 'prelim_rank': '30', 'final_rank': None}, {'name': 'Underwood, Erik', 'yr': 'FR', 'school': 'Wesleyan', 'exhibition': False, 'seed_time': None, 'prelim_time': '1:59.43', 'finals_time': None, 'prelim_rank': '33', 'final_rank': None}]"
15,2006_Nescac_Msd_Results,Breaststroke,Men,100,2006_NESCAC_MSD_Results.txt,txts,individual,"[{'name': 'Ancona, John', 'yr': 'JR', 'school': 'Amherst', 'exhibition': False, 'seed_time': None, 'prelim_time': '59.73', 'finals_time': '59.09', 'prelim_rank': '4', 'final_rank': '1'}, {'name': 'Prill, Derek', 'yr': 'SO', 'school': 'Amherst', 'exhibition': False, 'seed_time': None, 'prelim_time': '59.46', 'finals_time': '59.57', 'prelim_rank': '2', 'final_rank': '3'}, {'name': 'Lenihan, Mike', 'yr': 'JR', 'school': 'Trinity', 'exhibition': False, 'seed_time': None, 'prelim_time': '1:00.50', 'finals_time': '1:00.34', 'prelim_rank': '7', 'final_rank': '5'}, {'name': 'Devine, Dan', 'yr': 'SR', 'school': 'Wesleyan', 'exhibition': False, 'seed_time': None, 'prelim_time': '1:00.68', 'finals_time': '1:00.75', 'prelim_rank': '8', 'final_rank': '7'}, {'name': 'Longhurst, James', 'yr': 'FR', 'school': 'Tufts', 'exhibition': False, 'seed_time': None, 'prelim_time': '1:00.45', 'finals_time': '1:00.77', 'prelim_rank': '6', 'final_rank': '8'}, {'name': 'Kinsella, Michael', 'yr': 'JR', 'school': 'Tufts', 'exhibition': False, 'seed_time': None, 'prelim_time': '1:02.21', 'finals_time': '1:01.94', 'prelim_rank': '13', 'final_rank': '12'}, {'name': 'Stein, Jeff', 'yr': 'SO', 'school': 'Wesleyan', 'exhibition': False, 'seed_time': None, 'prelim_time': '1:02.15', 'finals_time': '1:02.24', 'prelim_rank': '12', 'final_rank': '13'}, {'name': 'Peterson, Dan', 'yr': 'FR', 'school': 'Amherst', 'exhibition': False, 'seed_time': None, 'prelim_time': '1:02.66', 'finals_time': '1:03.02', 'prelim_rank': '15', 'final_rank': '15'}, {'name': 'Jacob, Carlo', 'yr': 'JR', 'school': 'Tufts', 'exhibition': False, 'seed_time': None, 'prelim_time': '1:03.22', 'finals_time': '1:02.81', 'prelim_rank': '17', 'final_rank': '17'}, {'name': 'Schoeneck, Jacob', 'yr': 'FR', 'school': 'Hamilton', 'exhibition': False, 'seed_time': None, 'prelim_time': '1:04.01', 'finals_time': '1:03.96', 'prelim_rank': '20', 'final_rank': '20'}, {'name': 'Altneu, Eric', 'yr': 'JR', 'school': 'Wesleyan', 'exhibition': False, 'seed_time': None, 'prelim_time': '1:07.07', 'finals_time': '1:07.35', 'prelim_rank': '24', 'final_rank': '24'}, {'name': 'Mostyn, Pat', 'yr': 'SO', 'school': 'Trinity', 'exhibition': False, 'seed_time': None, 'prelim_time': '1:14.23', 'finals_time': None, 'prelim_rank': '26', 'final_rank': None}, {'name': 'Havlicek, Matt', 'yr': 'FR', 'school': 'Trinity', 'exhibition': False, 'seed_time': None, 'prelim_time': '1:20.32', 'finals_time': None, 'prelim_rank': '27', 'final_rank': None}]"
16,2006_Nescac_Msd_Results,Backstroke,Men,100,2006_NESCAC_MSD_Results.txt,txts,individual,"[{'name': 'Estacio, Rick', 'yr': 'SR', 'school': 'Amherst', 'exhibition': False, 'seed_time': None, 'prelim_time': '50.43', 'finals_time': '52.43', 'prelim_rank': '5', 'final_rank': '2'}, {'name': 'Johnson, Todd', 'yr': 'SO', 'school': 'Hamilton', 'exhibition': False, 'seed_time': None, 'prelim_time': '51.63', 'finals_time': '51.30', 'prelim_rank': '1', 'final_rank': '3'}, {'name': 'Godsey, Jonathan', 'yr': 'SR', 'school': 'Tufts', 'exhibition': False, 'seed_time': None, 'prelim_time': '52.16', 'finals_time': '52.18', 'prelim_rank': '4', 'final_rank': '5'}, {'name': 'Waskom, Mike', 'yr': 'FR', 'school': 'Amherst', 'exhibition': False, 'seed_time': None, 'prelim_time': '54.03', 'finals_time': '53.55', 'prelim_rank': '8', 'final_rank': '7'}, {'name': 'Hasty, Will', 'yr': 'SO', 'school': 'Wesleyan', 'exhibition': False, 'seed_time': None, 'prelim_time': '55.20', 'finals_time': '54.77', 'prelim_rank': '15', 'final_rank': '11'}, {'name': 'Froehlich, William', 'yr': 'FR', 'school': 'Tufts', 'exhibition': False, 'seed_time': None, 'prelim_time': '54.83', 'finals_time': '55.00', 'prelim_rank': '10', 'final_rank': '12'}, {'name': 'Radovich, Ray', 'yr': 'JR', 'school': 'Tufts', 'exhibition': False, 'seed_time': None, 'prelim_time': '54.58', 'finals_time': '55.01', 'prelim_rank': '9', 'final_rank': '13'}, {'name': 'Sullivan, Sean', 'yr': 'SO', 'school': 'Tufts', 'exhibition': False, 'seed_time': None, 'prelim_time': '55.15', 'finals_time': '55.45', 'prelim_rank': '14', 'final_rank': '15'}, {'name': 'Bethards, Joe', 'yr': 'FR', 'school': 'Amherst', 'exhibition': False, 'seed_time': None, 'prelim_time': '55.05', 'finals_time': '56.05', 'prelim_rank': '13', 'final_rank': '16'}, {'name': 'Kearney, Tim', 'yr': 'JR', 'school': 'Hamilton', 'exhibition': False, 'seed_time': None, 'prelim_time': '55.37', 'finals_time': '55.42', 'prelim_rank': '17', 'final_rank': '17'}, {'name': 'Vasta, Andrew', 'yr': 'SO', 'school': 'Amherst', 'exhibition': False, 'seed_time': None, 'prelim_time': '56.30', 'finals_time': '56.37', 'prelim_rank': '19', 'final_rank': '20'}, {'name': 'Kelly, Craig', 'yr': 'SR', 'school': 'Tufts', 'exhibition': False, 'seed_time': None, 'prelim_time': '56.59', 'finals_time': '57.38', 'prelim_rank': '20', 'final_rank': '22'}, {'name': 'Chow, Joe', 'yr': 'JR', 'school': 'Amherst', 'exhibition': False, 'seed_time': None, 'prelim_time': '59.68', 'finals_time': '59.28', 'prelim_rank': '24', 'final_rank': '23'}, {'name': 'Schlifka, David', 'yr': 'FR', 'school': 'Hamilton', 'exhibition': False, 'seed_time': None, 'prelim_time': '58.64', 'finals_time': '59.78', 'prelim_rank': '23', 'final_rank': '24'}, {'name': 'Kates, Steve', 'yr': 'FR', 'school': 'Trinity', 'exhibition': False, 'seed_time': None, 'prelim_time': '1:03.56', 'finals_time': None, 'prelim_rank': '25', 'final_rank': None}, {'name': 'Mussmann, Scott', 'yr': 'FR', 'school': 'Trinity', 'exhibition': False, 'seed_time': None, 'prelim_time': '1:06.00', 'finals_time': None, 'prelim_rank': '28', 'final_rank': None}]"
17,2006_Nescac_Msd_Results,Freestyle Relay,Men,800,2006_NESCAC_MSD_Results.txt,txts,relay,[]
18,2006_Nescac_Msd_Results,Freestyle,Men,1650,2006_NESCAC_MSD_Results.txt,txts,individual,[]
19,2006_Nescac_Msd_Results,Backstroke,Men,200,2006_NESCAC_MSD_Results.txt,txts,individual,"[{'name': 'Godsey, Jonathan', 'yr': 'SR', 'school': 'Tufts', 'exhibition': False, 'seed_time': None, 'prelim_time': '1:51.32', 'finals_time': '1:52.88', 'prelim_rank': '1', 'final_rank': '1'}, {'name': 'Estacio, Rick', 'yr': 'SR', 'school': 'Amherst', 'exhibition': False, 'seed_time': None, 'prelim_time': '1:52.16', 'finals_time': '1:55.23', 'prelim_rank': '5', 'final_rank': '2'}, {'name': 'Johnson, Todd', 'yr': 'SO', 'school': 'Hamilton', 'exhibition': False, 'seed_time': None, 'prelim_time': '1:53.17', 'finals_time': '1:53.92', 'prelim_rank': '3', 'final_rank': '4'}, {'name': 'Sullivan, Sean', 'yr': 'SO', 'school': 'Tufts', 'exhibition': False, 'seed_time': None, 'prelim_time': '1:58.51', 'finals_time': '23.5', 'prelim_rank': '6', 'final_rank': '6'}, {'name': 'Hasty, Will', 'yr': 'SO', 'school': 'Wesleyan', 'exhibition': False, 'seed_time': None, 'prelim_time': '1:58.51', 'finals_time': '23.5', 'prelim_rank': '7', 'final_rank': '6'}, {'name': 'Vasta, Andrew', 'yr': 'SO', 'school': 'Amherst', 'exhibition': False, 'seed_time': None, 'prelim_time': '1:59.00', 'finals_time': '1:58.74', 'prelim_rank': '8', 'final_rank': '8'}, {'name': 'Froehlich, William', 'yr': 'FR', 'school': 'Tufts', 'exhibition': False, 'seed_time': None, 'prelim_time': '2:00.02', 'finals_time': '1:57.45', 'prelim_rank': '11', 'final_rank': '9'}, {'name': 'Bethards, Joe', 'yr': 'FR', 'school': 'Amherst', 'exhibition': False, 'seed_time': None, 'prelim_time': '2:01.01', 'finals_time': '1:57.69', 'prelim_rank': '14', 'final_rank': '10'}, {'name': 'Waskom, Mike', 'yr': 'FR', 'school': 'Amherst', 'exhibition': False, 'seed_time': None, 'prelim_time': '2:01.31', 'finals_time': '1:58.08', 'prelim_rank': '15', 'final_rank': '11'}, {'name': 'Kearney, Tim', 'yr': 'JR', 'school': 'Hamilton', 'exhibition': False, 'seed_time': None, 'prelim_time': '2:00.83', 'finals_time': '1:59.76', 'prelim_rank': '13', 'final_rank': '13'}, {'name': 'Radovich, Ray', 'yr': 'JR', 'school': 'Tufts', 'exhibition': False, 'seed_time': None, 'prelim_time': '1:59.73', 'finals_time': '2:00.12', 'prelim_rank': '10', 'final_rank': '14'}, {'name': 'Kelly, Craig', 'yr': 'SR', 'school': 'Tufts', 'exhibition': False, 'seed_time': None, 'prelim_time': '2:05.14', 'finals_time': '2:04.18', 'prelim_rank': '21', 'final_rank': '20'}, {'name': 'Schlifka, David', 'yr': 'FR', 'school': 'Hamilton', 'exhibition': False, 'seed_time': None, 'prelim_time': '2:05.15', 'finals_time': '2:06.17', 'prelim_rank': '22', 'final_rank': '22'}, {'name': 'Walker, Andrew', 'yr': 'FR', 'school': 'Wesleyan', 'exhibition': False, 'seed_time': None, 'prelim_time': '2:08.27', 'finals_time': '2:06.25', 'prelim_rank': '24', 'final_rank': '23'}, {'name': 'Gordon, Jason', 'yr': 'SO', 'school': 'Trinity', 'exhibition': False, 'seed_time': None, 'prelim_time': '2:07.73', 'finals_time': '2:07.78', 'prelim_rank': '23', 'final_rank': '24'}, {'name': 'Chow, Joe', 'yr': 'JR', 'school': 'Amherst', 'exhibition': False, 'seed_time': None, 'prelim_time': '2:19.61', 'finals_time': None, 'prelim_rank': '25', 'final_rank': None}, {'name': 'Kates, Steve', 'yr': 'FR', 'school': 'Trinity', 'exhibition': False, 'seed_time': None, 'prelim_time': '2:18.24', 'finals_time': None, 'prelim_rank': '26', 'final_rank': None}, {'name': 'Mussmann, Scott', 'yr': 'FR', 'school': 'Trinity', 'exhibition': False, 'seed_time': None, 'prelim_time': '2:21.02', 'finals_time': None, 'prelim_rank': '27', 'final_rank': None}]"
20,2006_Nescac_Msd_Results,Freestyle,Men,100,2006_NESCAC_MSD_Results.txt,txts,individual,"[{'name': 'Baker, Brett', 'yr': 'SR', 'school': 'Tufts', 'exhibition': False, 'seed_time': None, 'prelim_time': '46.50', 'finals_time': '46.63', 'prelim_rank': '3', 'final_rank': '3'}, {'name': 'Fanning, Justin', 'yr': 'JR', 'school': 'Tufts', 'exhibition': False, 'seed_time': None, 'prelim_time': '47.50', 'finals_time': '47.58', 'prelim_rank': '7', 'final_rank': '6'}, {'name': 'Shields, Andrew', 'yr': 'FR', 'school': 'Tufts', 'exhibition': False, 'seed_time': None, 'prelim_time': '47.16', 'finals_time': '47.76', 'prelim_rank': '5', 'final_rank': '8'}, {'name': 'Warner, Christian', 'yr': 'JR', 'school': 'Hamilton', 'exhibition': False, 'seed_time': None, 'prelim_time': '48.33', 'finals_time': '48.02', 'prelim_rank': '13', 'final_rank': '10'}, {'name': 'Scala, Joe', 'yr': 'FR', 'school': 'Amherst', 'exhibition': False, 'seed_time': None, 'prelim_time': '48.55', 'finals_time': '48.11', 'prelim_rank': '14', 'final_rank': '11'}, {'name': 'Murphy, Matt', 'yr': 'FR', 'school': 'Tufts', 'exhibition': False, 'seed_time': None, 'prelim_time': '48.27', 'finals_time': '48.15', 'prelim_rank': '12', 'final_rank': '12'}, {'name': 'Pepi, Mike', 'yr': 'SO', 'school': 'Wesleyan', 'exhibition': False, 'seed_time': None, 'prelim_time': '48.22', 'finals_time': '48.31', 'prelim_rank': '11', 'final_rank': '13'}, {'name': 'Witzke, Christian', 'yr': 'FR', 'school': 'Amherst', 'exhibition': False, 'seed_time': None, 'prelim_time': '48.60', 'finals_time': '48.39', 'prelim_rank': '16', 'final_rank': '14'}, {'name': 'Resler, Chris', 'yr': 'FR', 'school': 'Amherst', 'exhibition': False, 'seed_time': None, 'prelim_time': '48.19', 'finals_time': '48.43', 'prelim_rank': '10', 'final_rank': '15'}, {'name': 'Devine, Dan', 'yr': 'SR', 'school': 'Wesleyan', 'exhibition': False, 'seed_time': None, 'prelim_time': '48.83', 'finals_time': '48.27', 'prelim_rank': '21', 'final_rank': '17'}, {'name': 'Becker, Chris', 'yr': 'FR', 'school': 'Wesleyan', 'exhibition': False, 'seed_time': None, 'prelim_time': '48.76', 'finals_time': '48.69', 'prelim_rank': '19', 'final_rank': '18'}, {'name': 'McCue, Will', 'yr': 'SR', 'school': 'Wesleyan', 'exhibition': False, 'seed_time': None, 'prelim_time': '48.96', 'finals_time': '48.82', 'prelim_rank': '22', 'final_rank': '19'}, {'name': 'Stein, Jeff', 'yr': 'SO', 'school': 'Wesleyan', 'exhibition': False, 'seed_time': None, 'prelim_time': '48.61', 'finals_time': '48.84', 'prelim_rank': '17', 'final_rank': '20'}, {'name': 'Mitchell, Ben', 'yr': 'FR', 'school': 'Tufts', 'exhibition': False, 'seed_time': None, 'prelim_time': '49.07', 'finals_time': '49.15', 'prelim_rank': '23', 'final_rank': '21'}, {'name': 'Kaplan, Adam', 'yr': 'JR', 'school': 'Amherst', 'exhibition': False, 'seed_time': None, 'prelim_time': '49.15', 'finals_time': '49.23', 'prelim_rank': '24', 'final_rank': '22'}, {'name': 'Zebrowski, Alec', 'yr': 'SR', 'school': 'Wesleyan', 'exhibition': False, 'seed_time': None, 'prelim_time': '48.65', 'finals_time': '49.51', 'prelim_rank': '18', 'final_rank': '24'}, {'name': 'Kinsella, Michael', 'yr': 'JR', 'school': 'Tufts', 'exhibition': False, 'seed_time': None, 'prelim_time': '48.66', 'finals_time': None, 'prelim_rank': '26', 'final_rank': None}, {'name': 'Maslan, Andrew', 'yr': 'SO', 'school': 'Amherst', 'exhibition': False, 'seed_time': None, 'prelim_time': '49.50', 'finals_time': None, 'prelim_rank': '27', 'final_rank': None}, {'name': 'Haley, John', 'yr': 'JR', 'school': 'Wesleyan', 'exhibition': False, 'seed_time': None, 'prelim_time': '50.93', 'finals_time': None, 'prelim_rank': '28', 'final_rank': None}, {'name': 'Campany, Tim', 'yr': 'SO', 'school': 'Hamilton', 'exhibition': False, 'seed_time': None, 'prelim_time': '51.26', 'finals_time': None, 'prelim_rank': '29', 'final_rank': None}, {'name': 'Kidston, Will', 'yr': 'FR', 'school': 'Trinity', 'exhibition': False, 'seed_time': None, 'prelim_time': '50.21', 'finals_time': None, 'prelim_rank': '30', 'final_rank': None}, {'name': 'Chamberlain, Adam', 'yr': 'JR', 'school': 'Wesleyan', 'exhibition': False, 'seed_time': None, 'prelim_time': '52.08', 'finals_time': None, 'prelim_rank': '31', 'final_rank': None}, {'name': 'Paridon, Alex', 'yr': 'FR', 'school': 'Hamilton', 'exhibition': False, 'seed_time': None, 'prelim_time': '52.46', 'finals_time': None, 'prelim_rank': '33', 'final_rank': None}, {'name': 'Frederick, Steve', 'yr': 'FR', 'school': 'Hamilton', 'exhibition': False, 'seed_time': None, 'prelim_time': '54.60', 'finals_time': None, 'prelim_rank': '39', 'final_rank': None}, {'name': 'Bernstein, Mike', 'yr': 'SO', 'school': 'Amherst', 'exhibition': False, 'seed_time': None, 'prelim_time': '58.60', 'finals_time': None, 'prelim_rank': '45', 'final_rank': None}, {'name': 'Ziemann, Marcus           09 Bowdoin', 'yr': 'NT', 'school': '', 'exhibition': False, 'seed_time': None, 'prelim_time': '55.12', 'finals_time': None, 'prelim_rank': '46', 'final_rank': None}]"
21,2006_Nescac_Msd_Results,Breaststroke,Men,200,2006_NESCAC_MSD_Results.txt,txts,individual,"[{'name': 'Ancona, John', 'yr': 'JR', 'school': 'Amherst', 'exhibition': False, 'seed_time': None, 'prelim_time': '2:08.36', 'finals_time': '2:12.02', 'prelim_rank': '7', 'final_rank': '2'}, {'name': 'Prill, Derek', 'yr': 'SO', 'school': 'Amherst', 'exhibition': False, 'seed_time': None, 'prelim_time': '2:11.80', 'finals_time': '2:11.40', 'prelim_rank': '6', 'final_rank': '5'}, {'name': 'Hagerty, Ed', 'yr': 'JR', 'school': 'Amherst', 'exhibition': False, 'seed_time': None, 'prelim_time': '2:11.52', 'finals_time': '2:11.61', 'prelim_rank': '4', 'final_rank': '6'}, {'name': 'Lenihan, Mike', 'yr': 'JR', 'school': 'Trinity', 'exhibition': False, 'seed_time': None, 'prelim_time': '2:11.46', 'finals_time': '2:11.75', 'prelim_rank': '3', 'final_rank': '7'}, {'name': 'Cronin, Nathan', 'yr': 'JR', 'school': 'Tufts', 'exhibition': False, 'seed_time': None, 'prelim_time': '2:14.68', 'finals_time': '2:12.62', 'prelim_rank': '8', 'final_rank': '8'}, {'name': 'Ward, Steven', 'yr': 'SR', 'school': 'Tufts', 'exhibition': False, 'seed_time': None, 'prelim_time': '2:16.74', 'finals_time': '2:14.80', 'prelim_rank': '11', 'final_rank': '9'}, {'name': 'Longhurst, James', 'yr': 'FR', 'school': 'Tufts', 'exhibition': False, 'seed_time': None, 'prelim_time': '2:18.42', 'finals_time': '2:16.87', 'prelim_rank': '17', 'final_rank': '17'}, {'name': 'Asztalos, Ivor', 'yr': 'FR', 'school': 'Tufts', 'exhibition': False, 'seed_time': None, 'prelim_time': '2:20.29', 'finals_time': '2:19.63', 'prelim_rank': '20', 'final_rank': '20'}, {'name': 'Schoeneck, Jacob', 'yr': 'FR', 'school': 'Hamilton', 'exhibition': False, 'seed_time': None, 'prelim_time': '2:21.95', 'finals_time': '2:21.20', 'prelim_rank': '21', 'final_rank': '21'}, {'name': 'Peterson, Dan', 'yr': 'FR', 'school': 'Amherst', 'exhibition': False, 'seed_time': None, 'prelim_time': '2:22.30', 'finals_time': '2:21.94', 'prelim_rank': '22', 'final_rank': '22'}, {'name': 'Jacob, Carlo', 'yr': 'JR', 'school': 'Tufts', 'exhibition': False, 'seed_time': None, 'prelim_time': '2:22.30', 'finals_time': '2:22.06', 'prelim_rank': '22', 'final_rank': '23'}, {'name': 'Mostyn, Pat', 'yr': 'SO', 'school': 'Trinity', 'exhibition': False, 'seed_time': None, 'prelim_time': '2:46.76', 'finals_time': None, 'prelim_rank': '26', 'final_rank': None}, {'name': 'Havlicek, Matt', 'yr': 'FR', 'school': 'Trinity', 'exhibition': False, 'seed_time': None, 'prelim_time': '2:59.21', 'finals_time': None, 'prelim_rank': '27', 'final_rank': None}]"
22,2006_Nescac_Msd_Results,Butterfly,Men,200,2006_NESCAC_MSD_Results.txt,txts,individual,"[{'name': 'Treat, Ethan', 'yr': 'JR', 'school': 'Amherst', 'exhibition': False, 'seed_time': None, 'prelim_time': '1:52.86', 'finals_time': '1:52.87', 'prelim_rank': '2', 'final_rank': '3'}, {'name': 'Tanz, Josh', 'yr': 'SR', 'school': 'Wesleyan', 'exhibition': False, 'seed_time': None, 'prelim_time': '1:54.66', 'finals_time': '1:54.88', 'prelim_rank': '5', 'final_rank': '5'}, {'name': 'Holmes, C.J.', 'yr': 'FR', 'school': 'Amherst', 'exhibition': False, 'seed_time': None, 'prelim_time': '1:54.73', 'finals_time': '1:55.75', 'prelim_rank': '6', 'final_rank': '6'}, {'name': 'Kapit, Jason', 'yr': 'SR', 'school': 'Tufts', 'exhibition': False, 'seed_time': None, 'prelim_time': '1:54.78', 'finals_time': '1:55.78', 'prelim_rank': '7', 'final_rank': '7'}, {'name': 'Lewkowitz, Adam', 'yr': 'SR', 'school': 'Amherst', 'exhibition': False, 'seed_time': None, 'prelim_time': '2:01.34', 'finals_time': '1:58.77', 'prelim_rank': '14', 'final_rank': '9'}, {'name': 'Murphy, Seth', 'yr': 'FR', 'school': 'Wesleyan', 'exhibition': False, 'seed_time': None, 'prelim_time': '1:59.81', 'finals_time': '1:59.28', 'prelim_rank': '11', 'final_rank': '11'}, {'name': 'Gonnella, Tom', 'yr': 'SR', 'school': 'Amherst', 'exhibition': False, 'seed_time': None, 'prelim_time': '2:01.60', 'finals_time': '2:00.77', 'prelim_rank': '15', 'final_rank': '13'}, {'name': 'Miles, Greg', 'yr': 'FR', 'school': 'Tufts', 'exhibition': False, 'seed_time': None, 'prelim_time': '2:00.99', 'finals_time': '2:01.06', 'prelim_rank': '13', 'final_rank': '15'}, {'name': 'Collins, Allan', 'yr': 'SO', 'school': 'Wesleyan', 'exhibition': False, 'seed_time': None, 'prelim_time': '2:06.01', 'finals_time': '2:01.63', 'prelim_rank': '21', 'final_rank': '17'}, {'name': 'Goldfield, Alec', 'yr': 'FR', 'school': 'Amherst', 'exhibition': False, 'seed_time': None, 'prelim_time': '2:04.15', 'finals_time': '2:01.83', 'prelim_rank': '18', 'final_rank': '18'}, {'name': 'Ullian, David', 'yr': 'SO', 'school': 'Amherst', 'exhibition': False, 'seed_time': None, 'prelim_time': '2:04.34', 'finals_time': '2:02.40', 'prelim_rank': '19', 'final_rank': '19'}, {'name': 'Froehlich, William', 'yr': 'FR', 'school': 'Tufts', 'exhibition': False, 'seed_time': None, 'prelim_time': '2:01.71', 'finals_time': '2:02.78', 'prelim_rank': '17', 'final_rank': '20'}, {'name': 'Walker, Andrew', 'yr': 'FR', 'school': 'Wesleyan', 'exhibition': False, 'seed_time': None, 'prelim_time': '2:11.09', 'finals_time': '2:08.51', 'prelim_rank': '24', 'final_rank': '22'}, {'name': 'Schleusener, Luke', 'yr': 'JR', 'school': 'Wesleyan', 'exhibition': False, 'seed_time': None, 'prelim_time': '2:09.54', 'finals_time': '2:09.96', 'prelim_rank': '22', 'final_rank': '23'}, {'name': 'Moskowitz, Ben', 'yr': 'FR', 'school': 'Tufts', 'exhibition': False, 'seed_time': None, 'prelim_time': '2:11.05', 'finals_time': '2:13.05', 'prelim_rank': '23', 'final_rank': '24'}, {'name': 'Donne, Matt', 'yr': 'JR', 'school': 'Wesleyan', 'exhibition': False, 'seed_time': None, 'prelim_time': '2:11.71', 'finals_time': None, 'prelim_rank': '25', 'final_rank': None}]"
24,2006_Nescac_Msd_Results,Freestyle Relay,Men,400,2006_NESCAC_MSD_Results.txt,txts,relay,[]
101,2006_Nescac_Msd_Results,Freestyle Relay,Men,200,2006_NESCAC_MSD_Results.txt,txts,relay,[]
109,2006_Nescac_Msd_Results,Medley Relay,Men,400,2006_NESCAC_MSD_Results.txt,txts,relay,[]
110,2006_Nescac_Msd_Results,Medley Relay,Men,200,2006_NESCAC_MSD_Results.txt,txts,relay,[]
117,2006_Nescac_Msd_Results,Freestyle Relay,Men,800,2006_NESCAC_MSD_Results.txt,txts,relay,[]
124,2006_Nescac_Msd_Results,Freestyle Relay,Men,400,2006_NESCAC_MSD_Results.txt,txts,relay,[]
201,2006_Nescac_Msd_Results,Freestyle Relay,Men,200,2006_NESCAC_MSD_Results.txt,txts,relay,[]
209,2006_Nescac_Msd_Results,Medley Relay,Men,400,2006_NESCAC_MSD_Results.txt,txts,relay,[]
210,2006_Nescac_Msd_Results,Medley Relay,Men,200,2006_NESCAC_MSD_Results.txt,txts,relay,[]
224,2006_Nescac_Msd_Results,Freestyle Relay,Men,400,2006_NESCAC_MSD_Results.txt,txts,relay,[]
